{"accuracy": [0.5995732545852661, 0.8594636917114258], "loss": [1.3664690256118774, 0.44325965642929077], "val_accuracy": [0.8446391820907593, 0.9137833118438721], "val_loss": [0.4944927990436554, 0.2726086378097534]}